index,num
1,1149
2,7921
3,0097
4,0171
5,0265
6,5482
7,3950
8,7507
9,2664
10,2436
11,0254
12,9722
13,4673
14,1409
15,6419
16,0524
17,8697
18,3062
19,1013
20,2264
21,3825
22,7059
23,0283
24,2321
25,4556
26,3360
27,4908
28,3466
29,2061
30,7566
31,4830
32,4575
33,5819
34,7521
35,4703
36,9776
37,6941
38,8634
39,5560
40,5584
41,0228
42,9875
43,5031
44,4742
45,5543
46,9476
47,9125
48,5074
49,6910
50,0021
51,7598
52,5053
53,9040
54,3895
55,6780
56,9981
57,1398
58,3042
59,8885
60,6373
61,7882
62,5608
63,9123
64,8844
65,9819
66,2098
67,4881
68,4214
69,2792
70,5094
71,0948
72,0084
73,2341
74,3011
75,2332
76,5531
77,6406
78,6536
79,1742
80,0437
81,3503
82,1770
83,9047
84,6580
85,2624
86,0684
87,7676
88,2562
89,1614
90,7696
91,0330
92,8721
93,9056
94,8526
95,6282
96,6992
97,2866
98,4943
99,2072
100,5614
101,1471
102,4036
103,8050
104,2958
105,6204
106,9063
107,0539
108,9852
109,3593
110,1697
111,8011
112,4191
113,9163
114,3943
115,4101
116,7410
117,2689
118,7435
119,3010
120,3583
121,2645
122,8578
123,1165
124,0942
125,5762
126,6577
127,9054
128,3315
129,9846
130,4092
131,8831
132,5566
133,5660
134,6890
135,3409
136,4023
137,9017
138,4073
139,7871
140,1099
141,2139
142,2516
143,3752
144,4681
145,8567
146,2115
147,2209
148,6901
149,7707
150,5825
151,3056
152,0225
153,5468
154,1470
155,0171
156,8957
157,9254
158,2579
159,4034
160,5741
161,6627
162,3588
163,2207
164,5492
165,8090
166,0007
167,8092
168,5739
169,4946
170,8695
171,4820
172,0744
173,6042
174,4544
175,8670
176,5994
177,0978
178,8734
179,3568
180,9989
181,8132
182,2057
183,6416
184,5570
185,7284
186,5010
187,4640
188,9167
189,7981
190,6332
191,7301
192,3371
193,5312
194,1745
195,8693
196,8316
197,2697
198,8234
199,7656
200,7441
201,2398
202,7202
203,2210
204,7832
205,5797
206,0382
207,7913
208,9170
209,6613
210,7158
211,5301
212,9475
213,7251
214,1449
215,2223
216,4695
217,4316
218,3698
219,6623
220,6684
221,2507
222,0887
223,1041
224,0239
225,4147
226,5886
227,5369
228,9889
229,9171
230,7411
231,7565
232,8532
233,1985
234,7671
235,4080
236,1493
237,5051
238,9401
239,0438
240,1173
241,0557
242,7754
243,7702
244,4612
245,2108
246,0747
247,0127
248,6178
249,6471
250,4590
251,6937
252,9871
253,9434
254,6805
255,6757
256,8575
257,0930
258,4714
259,5339
260,1203
261,2045
262,6628
263,4185
264,9888
265,4112
266,2310
267,5949
268,8375
269,0628
270,6023
271,3730
272,0613
273,2992
274,1026
275,0800
276,0576
277,0999
278,9303
279,0178
280,2937
281,4834
282,8882
283,8106
284,5086
285,0295
286,6670
287,1689
288,2867
289,6254
290,2990
291,7264
292,3009
293,8289
294,8516
295,2814
296,6809
297,9041
298,9472
299,2565
300,1116
301,7554
302,5049
303,5090
304,6444
305,7227
306,6279
307,4014
308,1879
309,6418
310,7215
311,8466
312,2796
313,4821
314,5118
315,9989
316,0535
317,1650
318,3614
319,7312
320,0552
321,5913
322,7178
323,7592
324,0354
325,1035
326,9759
327,1662
328,2919
329,3701
330,7499
331,2055
332,6460
333,2042
334,3776
335,9750
336,6557
337,5009
338,5560
339,6989
340,1574
341,3878
342,9295
343,3748
344,2789
345,9860
346,4483
347,6603
348,3531
349,6110
350,4652
351,0609
352,2134
353,8586
354,6499
355,1348
356,5075
357,6876
358,1426
359,9072
360,5574
361,3702
362,6312
363,0242
364,3686
365,6228
366,6907
367,4980
368,8573
369,1059
370,0129
371,6228
372,6526
373,8134
374,5111
375,1128
376,5022
377,4204
378,1893
379,1620
380,0941
381,0256
382,3430
383,2042
384,8433
385,0034
386,6560
387,8301
388,0154
389,5201
390,0307
391,8369
392,3779
393,2957
394,9626
395,3829
396,2002
397,9348
398,7143
399,0884
400,6980
401,2997
402,9570
403,6739
404,9332
405,3337
406,9698
407,6700
408,9477
409,0422
410,5352
411,6891
412,9995
413,3786
414,2154
415,3354
416,4123
417,8840
418,4637
419,9002
420,6237
421,9088
422,9683
423,3149
424,8991
425,3914
426,8550
427,4521
428,9230
429,4532
430,4731
431,9901
432,5776
433,9200
434,4288
435,5654
436,9945
437,5711
438,5473
439,1580
440,2548
441,5309
442,6431
443,3151
444,9922
445,9657
446,4590
447,0121
448,4356
449,7341
450,1983
451,1224
452,1950
453,2750
454,5357
455,0093
456,6719
457,7893
458,0912
459,7228
460,5963
461,9837
462,8955
463,5905
464,6534
465,6933
466,6081
467,3083
468,8319
469,0051
470,9274
471,1782
472,4070
473,8571
474,0941
475,0161
476,7466
477,9699
478,6768
479,7788
480,5669
481,2952
482,5902
483,7316
484,0189
485,6835
486,9168
487,6231
488,3307
489,9888
490,7509
491,0031
492,2596
493,5494
494,1564
495,0415
496,9541
497,5227
498,5212
499,9236
500,4579
501,3070
502,5967
503,4197
504,7382
505,6779
506,5246
507,3175
508,0907
509,0965
510,5940
511,1258
512,0998
513,0069
514,9036
515,0871
516,3421
517,7362
518,2664
519,8910
520,8225
521,8242
522,9677
523,4761
524,4056
525,3807
526,7333
527,8966
528,6564
529,2644
530,2709
531,4139
532,9790
533,9669
534,0771
535,9568
536,5950
537,8622
538,5225
539,9778
540,8966
541,2787
542,5824
543,6489
544,6865
545,2253
546,3053
547,7623
548,9090
549,1094
550,9033
551,5623
552,9806
553,2809
554,7731
555,9888
556,8945
557,6991
558,7787
559,7671
560,6054
561,0524
562,7764
563,3389
564,8722
565,7936
566,0313
567,5236
568,5519
569,9009
570,5700
571,3237
572,2183
573,0745
574,5910
575,8093
576,2153
577,9461
578,9749
579,3556
580,6531
581,9863
582,7685
583,9919
584,3423
585,7041
586,7272
587,8200
588,0305
589,1259
590,1069
591,3308
592,3387
593,3576
594,1050
595,0450
596,8251
597,8772
598,4632
599,7438
600,4802
601,5068
602,7915
603,4344
604,1615
605,8388
606,5307
607,1996
608,8173
609,4102
610,3141
611,8486
612,1148
613,8880
614,4293
615,1271
616,3487
617,7732
618,6142
619,6319
620,0524
621,4693
622,9321
623,6024
624,7786
625,7057
626,7414
627,4845
628,9825
629,4367
630,9805
631,7920
632,4196
633,9432
634,5065
635,2609
636,8966
637,1805
638,9379
639,8230
640,8932
641,9712
642,3523
643,2701
644,4221
645,3967
646,6597
647,1148
648,3793
649,4069
650,2678
651,1743
652,3209
653,7402
654,9818
655,7657
656,7999
657,2800
658,5605
659,1131
660,4073
661,0394
662,4290
663,0872
664,6076
665,4653
666,0959
667,1913
668,9962
669,6717
670,5606
671,5436
672,1834
673,9963
674,8664
675,1053
676,7697
677,0829
678,0644
679,9037
680,0909
681,5026
682,7175
683,7329
684,2782
685,1804
686,5970
687,7440
688,3906
689,4983
690,2430
691,0473
692,9236
693,6189
694,4905
695,1915
696,1197
697,4359
698,8646
699,4772
700,2922
701,4476
702,4921
703,8511
704,2953
705,1202
706,8172
707,5798
708,6351
709,0592
710,7389
711,4820
712,6612
713,8501
714,4434
715,6216
716,5533
717,9787
718,6711
719,0586
720,2600
721,6020
722,3592
723,9916
724,5754
725,3918
726,9124
727,8150
728,0603
729,3733
730,8804
731,3003
732,4372
733,9493
734,2579
735,4853
736,0899
737,0630
738,1727
739,6024
740,8900
741,1327
742,4558
743,8283
744,4635
745,7670
746,1591
747,3173
748,7290
749,3198
750,8678
751,4700
752,3191
753,3686
754,4544
755,8675
756,9894
757,2794
758,5151
759,2894
760,6504
761,2809
762,4108
763,2758
764,5489
765,0779
766,1372
767,0235
768,7385
769,7049
770,0178
771,7670
772,4635
773,5531
774,0328
775,9578
776,2954
777,4810
778,6305
779,6921
780,0570
781,7852
782,9400
783,3275
784,6936
785,9346
786,0399
787,7643
788,1981
789,5509
790,4256
791,3650
792,9050
793,6989
794,5737
795,3986
796,7798
797,6223
798,1379
799,5595
800,3930
801,0516
802,8327
803,8494
804,1122
805,4595
806,7748
807,0016
808,8058
809,3878
810,1623
811,0385
812,0742
813,2902
814,2711
815,0908
816,5297
817,8319
818,4342
819,5382
820,7402
821,9968
822,0597
823,2422
824,9941
825,8238
826,0301
827,9634
828,0325
829,3119
830,8609
831,1807
832,5096
833,8866
834,6879
835,4357
836,2221
837,7853
838,6289
839,1112
840,1477
841,6926
842,3781
843,6718
844,0322
845,6848
846,9199
847,8348
848,5734
849,9285
850,9662
851,1368
852,2275
853,5418
854,1240
855,7125
856,1445
857,1571
858,6750
859,8212
860,6988
861,9691
862,9397
863,5347
864,6193
865,6768
866,2365
867,9555
868,9186
869,0906
870,2436
871,3181
872,3422
873,3425
874,2341
875,6685
876,1667
877,9407
878,6447
879,4433
880,2530
881,6463
882,7020
883,9569
884,8390
885,9413
886,1141
887,3607
888,1188
889,4720
890,9406
891,2502
892,9527
893,4495
894,7915
895,7329
896,3130
897,3918
898,7050
899,6606
900,8207
901,9506
902,8287
903,3418
904,0890
905,0665
906,7544
907,3357
908,6947
909,8566
910,5362
911,8611
912,6160
913,3260
914,6784
915,8747
916,4749
917,6640
918,6245
919,6587
920,7255
921,6825
922,0215
923,7356
924,0266
925,7137
926,5958
927,4639
928,0441
929,0333
930,4092
931,1826
932,5938
933,5552
934,5994
935,4602
936,5693
937,7315
938,4949
939,1222
940,2409
941,8321
942,0030
943,2956
944,5335
945,5032
946,3078
947,4562
948,1542
949,4449
950,4046
951,8549
952,7571
953,0245
954,6923
955,8233
956,1172
957,1725
958,4399
959,0898
960,9930
961,9571
962,1123
963,3667
964,1490
965,3837
966,1296
967,5947
968,0001
969,4051
970,3716
971,7928
972,2642
973,5690
974,8681
975,8534
976,9399
977,5774
978,2458
979,1796
980,2175
981,9407
982,8667
983,1585
984,3996
985,6215
986,3912
987,5262
988,5648
989,1839
990,0339
991,1933
992,0253
993,7026
994,7428
995,3013
996,4515
997,7488
998,3242
999,7461
1000,6576
1001,8637
1002,0288
1003,7710
1004,6971
1005,1818
1006,2929
1007,2032
1008,0314
1009,9355
1010,1061
1011,2014
1012,0783
1013,0437
1014,9271
1015,7605
1016,8459
1017,0905
1018,9766
1019,4560
1020,0900
1021,6120
1022,9255
1023,1706
1024,9849
1025,1268
1026,7174
1027,9081
1028,3521
1029,1565
1030,3002
1031,3288
1032,1744
1033,3754
1034,6694
1035,6332
1036,6811
1037,7874
1038,9787
1039,8994
1040,3694
1041,0723
1042,6634
1043,6271
1044,7522
1045,8650
1046,4598
1047,8130
1048,1440
1049,9320
1050,7259
1051,3269
1052,1835
1053,2997
1054,7131
1055,2400
1056,4327
1057,2653
1058,4461
1059,3267
1060,3119
1061,3354
1062,0671
1063,6591
1064,5453
1065,7532
1066,5777
1067,7452
1068,6280
1069,9646
1070,7779
1071,7683
1072,8112
1073,4549
1074,2771
1075,8217
1076,4968
1077,3761
1078,5158
1079,4397
1080,8336
1081,9901
1082,6697
1083,2707
1084,2125
1085,0319
1086,7239
1087,2354
1088,9423
1089,7368
1090,2568
1091,4059
1092,0060
1093,2556
1094,1440
1095,5351
1096,1221
1097,0058
1098,9848
1099,9507
1100,5731
1101,6233
1102,4344
1103,2008
1104,8199
1105,6415
1106,4539
1107,4938
1108,4265
1109,6300
1110,4368
1111,0570
1112,0933
1113,4147
1114,8762
1115,5030
1116,6813
1117,4802
1118,4609
1119,7161
1120,2343
1121,7680
1122,9231
1123,0027
1124,6507
1125,3361
1126,7804
1127,6964
1128,0452
1129,6191
1130,0664
1131,7718
1132,2868
1133,2351
1134,9411
1135,3949
1136,6788
1137,7713
1138,0775
1139,3059
1140,8919
1141,6073
1142,7123
1143,2702
1144,2169
1145,0084
1146,7301
1147,7989
1148,9385
1149,8027
1150,5394
1151,5430
1152,0390
1153,6706
1154,9936
1155,7908
1156,2782
1157,6819
1158,2060
1159,9123
1160,1563
1161,1663
1162,5749
1163,1775
1164,7894
1165,4973
1166,4212
1167,2522
1168,2028
1169,5082
1170,1602
1171,8666
1172,3335
1173,8685
1174,2679
1175,1228
1176,7137
1177,1744
1178,8604
1179,6048
1180,9833
1181,6929
1182,5863
1183,7605
1184,0714
1185,7113
1186,7239
1187,2016
1188,4960
1189,7781
1190,0837
1191,0027
1192,9529
1193,6336
1194,4712
1195,0625
1196,6610
1197,7564
1198,9841
1199,3177
1200,4544
1201,9572
1202,3718
1203,3238
1204,1696
1205,5878
1206,1315
1207,0984
1208,5740
1209,7034
1210,1360
1211,5048
1212,6047
1213,4954
1214,0071
1215,0182
1216,0563
1217,3991
1218,7137
1219,7744
1220,1413
1221,8030
1222,1642
1223,2308
1224,5404
1225,1065
1226,0923
1227,4475
1228,6685
1229,3409
1230,7871
1231,6084
1232,3940
1233,8185
1234,3040
1235,3780
1236,5559
1237,5559
1238,2412
1239,8090
1240,4057
1241,8444
1242,6880
1243,8823
1244,8984
1245,3745
1246,6272
1247,5603
1248,9810
1249,5555
1250,2167
1251,0498
1252,3325
1253,3251
1254,4422
1255,6998
1256,8943
1257,6815
1258,4037
1259,5815
1260,6039
1261,2389
1262,3399
1263,7138
1264,2324
1265,0083
1266,8351
1267,2185
1268,9722
1269,7337
1270,9483
1271,1255
1272,2981
1273,1995
1274,1915
1275,3824
1276,0982
1277,3879
1278,5122
1279,9807
1280,1085
1281,5011
1282,2421
1283,8813
1284,7244
1285,2282
1286,9108
1287,4516
1288,9473
1289,7764
1290,4750
1291,2608
1292,8834
1293,4747
1294,2914
1295,9396
1296,3413
1297,0769
1298,0318
1299,7766
1300,0322
1301,7623
1302,3979
1303,2670
1304,9082
1305,2356
1306,4380
1307,7587
1308,4544
1309,8455
1310,7481
1311,5337
1312,7896
1313,1363
1314,6771
1315,5083
1316,8384
1317,4798
1318,0865
1319,5525
1320,7559
1321,0319
1322,5282
1323,4105
1324,7807
1325,1070
1326,5972
1327,0807
1328,0295
1329,1508
1330,2059
1331,5223
1332,6966
1333,1459
1334,5909
1335,6125
1336,5823
1337,0224
1338,8476
1339,4974
1340,8049
1341,7881
1342,3365
1343,8592
1344,1111
1345,4488
1346,4101
1347,1176
1348,3350
1349,7256
1350,1698
1351,5866
1352,7622
1353,0198
1354,6986
1355,4709
1356,1764
1357,9081
1358,6791
1359,4470
1360,0308
1361,2705
1362,8369
1363,5531
1364,0478
1365,1291
1366,5580
1367,3348
1368,8581
1369,8006
1370,7018
1371,8701
1372,0241
1373,6624
1374,7867
1375,5830
1376,6759
1377,0979
1378,0264
1379,0354
1380,6443
1381,0743
1382,4394
1383,1729
1384,8815
1385,2589
1386,4037
1387,9502
1388,1102
1389,9345
1390,9424
1391,1908
1392,4797
1393,8874
1394,5868
1395,5397
1396,5420
1397,2213
1398,5479
1399,1672
1400,9711
1401,9456
1402,7611
1403,6261
1404,8528
1405,2952
1406,4486
1407,1478
1408,3318
1409,6703
1410,6778
1411,1149
1412,3407
1413,4996
1414,1174
1415,1418
1416,1939
1417,4230
1418,5807
1419,1510
1420,8339
1421,6151
1422,7535
1423,0598
1424,9570
1425,6026
1426,7728
1427,7121
1428,9519
1429,6437
1430,9002
1431,1118
1432,0287
1433,1394
1434,4736
1435,4985
1436,8128
1437,4387
1438,7559
1439,7955
1440,6500
1441,6992
1442,5036
1443,1219
1444,3705
1445,2778
1446,7020
1447,4784
1448,2633
1449,7192
1450,0424
1451,2144
1452,7474
1453,0469
1454,5924
1455,5651
1456,7756
1457,2785
1458,7905
1459,7800
1460,2659
1461,5183
1462,0068
1463,6169
1464,7967
1465,0918
1466,9933
1467,1224
1468,6967
1469,1343
1470,6626
1471,7171
1472,6471
1473,0351
1474,8285
1475,8073
1476,3857
1477,8550
1478,6604
1479,4777
1480,8635
1481,8076
1482,6157
1483,7542
1484,9074
1485,6214
1486,4563
1487,1147
1488,5471
1489,3430
1490,9439
1491,8691
1492,9222
1493,0017
1494,3705
1495,9887
1496,8468
1497,2994
1498,8939
1499,1565
1500,7732
1501,4560
1502,2453
1503,7948
1504,1070
1505,4392
1506,4076
1507,2109
1508,6789
1509,0263
1510,9485
1511,4811
1512,0695
1513,8015
1514,8284
1515,3021
1516,1615
1517,9419
1518,7514
1519,0351
1520,1564
1521,5566
1522,6788
1523,6690
1524,1103
1525,0710
1526,3325
1527,1159
1528,9802
1529,9681
1530,2796
1531,7836
1532,2604
1533,8376
1534,0870
1535,7156
1536,4789
1537,7976
1538,3976
1539,2008
1540,7390
1541,1822
1542,7581
1543,3981
1544,3845
1545,2912
1546,7441
1547,0304
1548,8531
1549,3091
1550,0595
1551,4563
1552,1550
1553,2221
1554,7238
1555,4833
1556,9726
1557,7624
1558,0858
1559,7664
1560,0982
1561,2527
1562,4560
1563,6175
1564,8372
1565,8699
1566,1148
1567,5410
1568,1357
1569,0580
1570,2142
1571,9244
1572,0402
1573,3742
1574,3876
1575,1827
1576,4078
1577,4042
1578,9932
1579,1754
1580,4124
1581,6085
1582,3775
1583,2319
1584,3171
1585,3957
1586,8714
1587,6528
1588,3180
1589,0005
1590,8555
1591,8382
1592,3439
1593,6427
1594,4166
1595,6261
1596,1187
1597,4732
1598,2177
1599,1564
1600,7630
1601,3304
1602,9108
1603,5081
1604,5316
1605,1676
1606,7151
1607,2574
1608,8266
1609,3417
1610,0477
1611,2055
1612,6743
1613,6362
1614,3267
1615,5607
1616,2398
1617,9060
1618,2067
1619,2064
1620,2422
1621,6069
1622,5897
1623,8795
1624,5638
1625,5587
1626,2154
1627,1157
1628,0001
1629,9565
1630,9834
1631,3493
1632,8506
1633,0393
1634,5160
1635,1594
1636,6655
1637,6798
1638,0966
1639,7473
1640,5004
1641,4012
1642,2719
1643,0996
1644,6077
1645,3223
1646,3020
1647,6852
1648,2417
1649,9858
1650,0154
1651,6831
1652,5582
1653,7339
1654,5451
1655,9061
1656,0398
1657,1558
1658,6864
1659,2676
1660,4785
1661,4631
1662,4122
1663,5435
1664,4149
1665,7300
1666,9450
1667,3687
1668,3458
1669,9579
1670,2318
1671,7074
1672,6268
1673,6294
1674,3296
1675,6180
1676,6084
1677,1910
1678,1717
1679,4044
1680,9128
1681,0479
1682,3796
1683,3911
1684,6992
1685,6903
1686,5406
1687,1896
1688,7876
1689,5788
1690,2491
1691,0635
1692,2190
1693,7164
1694,8812
1695,5343
1696,3676
1697,6094
1698,0978
1699,9708
1700,2098
1701,3121
1702,4327
1703,4344
1704,6520
1705,9906
1706,9961
1707,0588
1708,1837
1709,6880
1710,5296
1711,9419
1712,7161
1713,2997
1714,6007
1715,8052
1716,4769
1717,3087
1718,4483
1719,2315
1720,1555
1721,4050
1722,9193
1723,0647
1724,6295
1725,8117
1726,1073
1727,6056
1728,0103
1729,8783
1730,7013
1731,8860
1732,9956
1733,9047
1734,8758
1735,4330
1736,9022
1737,1284
1738,6128
1739,4210
1740,8741
1741,6010
1742,9869
1743,7369
1744,2821
1745,9100
1746,8229
1747,5581
1748,7175
1749,2318
1750,2799
1751,2480
1752,5424
1753,2641
1754,8723
1755,0284
1756,7125
1757,1596
1758,8385
1759,2085
1760,0191
1761,0978
1762,9216
1763,6108
1764,3899
1765,2947
1766,8824
1767,5209
1768,2384
1769,5983
1770,7550
1771,2707
1772,0599
1773,3016
1774,3537
1775,5139
1776,2682
1777,7246
1778,9424
1779,4863
1780,7111
1781,7975
1782,7877
1783,0364
1784,4101
1785,9599
1786,3953
1787,3103
1788,6095
1789,6476
1790,4821
1791,2379
1792,3337
1793,7193
1794,7476
1795,7348
1796,6029
1797,8570
1798,3440
1799,1655
1800,8192
1801,6922
1802,3000
1803,8147
1804,4393
1805,8680
1806,1896
1807,5187
1808,2607
1809,5519
1810,7358
1811,3388
1812,9894
1813,5205
1814,8862
1815,7068
1816,7321
1817,7102
1818,0915
1819,3891
1820,5727
1821,8024
1822,3401
1823,7881
1824,2310
1825,4634
1826,1231
1827,5072
1828,8837
1829,9050
1830,4626
1831,8465
1832,0211
1833,3650
1834,7466
1835,3388
1836,8420
1837,2685
1838,1508
1839,1775
1840,8705
1841,8557
1842,8451
1843,4505
1844,9601
1845,8567
1846,2655
1847,8912
1848,8717
1849,4991
1850,5671
1851,3654
1852,0772
1853,3444
1854,3895
1855,6051
1856,6782
1857,2331
1858,2734
1859,1053
1860,6534
1861,8000
1862,7479
1863,1244
1864,9668
1865,1800
1866,4813
1867,9616
1868,2319
1869,7004
1870,7655
1871,1556
1872,9217
1873,4074
1874,4717
1875,4658
1876,4635
1877,3807
1878,3960
1879,4993
1880,3562
1881,4533
1882,4159
1883,2091
1884,8911
1885,2883
1886,1700
1887,9714
1888,7717
1889,6702
1890,5998
1891,5121
1892,5151
1893,4737
1894,4868
1895,6354
1896,5141
1897,0695
1898,4546
1899,2595
1900,0275
1901,0774
1902,6275
1903,9587
1904,0385
1905,5430
1906,3430
1907,6840
1908,6796
1909,3708
1910,1128
1911,9222
1912,7660
1913,2311
1914,6004
1915,6930
1916,6120
1917,7937
1918,7674
1919,3850
1920,9586
1921,0462
1922,2560
1923,6015
1924,4186
1925,0295
1926,8490
1927,1860
1928,4335
1929,4156
1930,3375
1931,5511
1932,2939
1933,0994
1934,3620
1935,4667
1936,2713
1937,7749
1938,3282
1939,6359
1940,9959
1941,9896
1942,5932
1943,2812
1944,4239
1945,0991
1946,8283
1947,9661
1948,0686
1949,6120
1950,5517
1951,7783
1952,9664
1953,7181
1954,1422
1955,8555
1956,9349
1957,1583
1958,6285
1959,0618
1960,0843
1961,1646
1962,1201
1963,9985
1964,7994
1965,9357
1966,3804
1967,6788
1968,9909
1969,6765
1970,1957
1971,7838
1972,0956
1973,9338
1974,4857
1975,0576
1976,8514
1977,3396
1978,5943
1979,4717
1980,5148
1981,2972
1982,5375
1983,4381
1984,4193
1985,5823
1986,1784
1987,7358
1988,9664
1989,0133
1990,7311
1991,4634
1992,8385
1993,1344
1994,0139
1995,6426
1996,8592
1997,4286
1998,0446
1999,1294
2000,6045
2001,7982
2002,2703
2003,2892
2004,0146
2005,4052
2006,5440
2007,8799
2008,8999
2009,5022
2010,1215
2011,6616
2012,7084
2013,9176
2014,7848
2015,2871
2016,4071
2017,2933
2018,8253
2019,0969
2020,6518
2021,1299
2022,6929
2023,3109
2024,2410
2025,7546
2026,2706
2027,0666
2028,0497
2029,5486
2030,1501
2031,0625
2032,4478
2033,3036
2034,0581
2035,2675
2036,2356
2037,6738
2038,4861
2039,4738
2040,3876
2041,9316
2042,5973
2043,3840
2044,4432
2045,8069
2046,4874
2047,3877
2048,4022
2049,4007
2050,4619
2051,6115
2052,1929
2053,9662
2054,2361
2055,0669
2056,3357
2057,6857
2058,5404
2059,7238
2060,0416
2061,6030
2062,7532
2063,7269
2064,3479
2065,3884
2066,8277
2067,6356
2068,6749
2069,4414
2070,6995
2071,6839
2072,1404
2073,4081
2074,6207
2075,6922
2076,4550
2077,4137
2078,9502
2079,1605
2080,6818
2081,2821
2082,3107
2083,4620
2084,2273
2085,2209
2086,6407
2087,1770
2088,0531
2089,2696
2090,4612
2091,1485
2092,6480
2093,2184
2094,0592
2095,1917
2096,0521
2097,7955
2098,5019
2099,9909
2100,6509
2101,2909
2102,9060
2103,3097
2104,8751
2105,5059
2106,9595
2107,2502
2108,8936
2109,3488
2110,8594
2111,0173
2112,1519
2113,5088
2114,3706
2115,0454
2116,9842
2117,5883
2118,8254
2119,9969
2120,0965
2121,8491
2122,3104
2123,4661
2124,5661
2125,7579
2126,5599
2127,4051
2128,4908
2129,3198
2130,0868
2131,6097
2132,6731
2133,5625
2134,7478
2135,6469
2136,9471
2137,9585
2138,6082
2139,6368
2140,2267
2141,9718
2142,5598
2143,7433
2144,2886
2145,0824
2146,7777
2147,0979
2148,1140
2149,5347
2150,6457
2151,8871
2152,9355
2153,8000
2154,9664
2155,7152
2156,8578
2157,0788
2158,1060
2159,1987
2160,4977
2161,3102
2162,8338
2163,0863
2164,6978
2165,8137
2166,8519
2167,9991
2168,6865
2169,2577
2170,5188
2171,1720
2172,1269
2173,1237
2174,0368
2175,3882
2176,8852
2177,8128
2178,3376
2179,2293
2180,9648
2181,3409
2182,2294
2183,4164
2184,4218
2185,5960
2186,4633
2187,7329
2188,9865
2189,5667
2190,5551
2191,2278
2192,1477
2193,4005
2194,5549
2195,5446
2196,3083
2197,3330
2198,1075
2199,7482
2200,1324
2201,3379
2202,2135
2203,6590
2204,9440
2205,4644
2206,9947
2207,0502
2208,4181
2209,3150
2210,5726
2211,7143
2212,7919
2213,5932
2214,4035
2215,2172
2216,9862
2217,1209
2218,1542
2219,7598
2220,6653
2221,8762
2222,6712
2223,9001
2224,9485
2225,2667
2226,9244
2227,3764
2228,4047
2229,7119
2230,9159
2231,3182
2232,0734
2233,1145
2234,5519
2235,7384
2236,8568
2237,5787
2238,2383
2239,9253
2240,1778
2241,3465
2242,8293
2243,1984
2244,3283
2245,5987
2246,2178
2247,0591
2248,9809
2249,6910
2250,0284
2251,8922
2252,0972
2253,6190
2254,1912
2255,4439
2256,7676
2257,7052
2258,0783
2259,1691
2260,4818
2261,6273
2262,4160
2263,9193
2264,5872
2265,2824
2266,2557
2267,3316
2268,0157
2269,9924
2270,7385
2271,3884
2272,2341
2273,7694
2274,4796
2275,5087
2276,8289
2277,0173
2278,2254
2279,9188
2280,3618
2281,7946
2282,1367
2283,6130
2284,7648
2285,0624
2286,3834
2287,0613
2288,1126
2289,1653
2290,6861
2291,8004
2292,0784
2293,8622
2294,8020
2295,9684
2296,9418
2297,6149
2298,2620
2299,2643
2300,6944
2301,8297
2302,9453
2303,7898
2304,0726
2305,7048
2306,4330
2307,5480
2308,3868
2309,6359
2310,4121
2311,1577
2312,6316
2313,9594
2314,9647
2315,9077
2316,2677
2317,0169
2318,5846
2319,8423
2320,8341
2321,6648
2322,6870
2323,2635
2324,1106
2325,9434
2326,8137
2327,5048
2328,5249
2329,7524
2330,5818
2331,4684
2332,1759
2333,4749
2334,0230
2335,2348
2336,5003
2337,3255
2338,5651
2339,7723
2340,5291
2341,4487
2342,2947
2343,4441
2344,8423
2345,3466
2346,9665
2347,8904
2348,6424
2349,5471
2350,6180
2351,7044
2352,6579
2353,2332
2354,8885
2355,8585
2356,8117
2357,6702
2358,1997
2359,6404
2360,0799
2361,2620
2362,2159
2363,4429
2364,6759
2365,9492
2366,7408
2367,4696
2368,7856
2369,4553
2370,5527
2371,4913
2372,7575
2373,1507
2374,0233
2375,5748
2376,5070
2377,7573
2378,8066
2379,0883
2380,3189
2381,8051
2382,4689
2383,4919
2384,6042
2385,2311
2386,5968
2387,5290
2388,9822
2389,8798
2390,6136
2391,0705
2392,9354
2393,2676
2394,0794
2395,2146
2396,4786
2397,3241
2398,5210
2399,4811
2400,4137
2401,7410
2402,0650
2403,6829
2404,5494
2405,3461
2406,6897
2407,3733
2408,6877
2409,6622
2410,6610
2411,6281
2412,7235
2413,9507
2414,3663
2415,3013
2416,3447
2417,3672
2418,8997
2419,9659
2420,9379
2421,5173
2422,2716
2423,5128
2424,4803
2425,8696
2426,2968
2427,8679
2428,3930
2429,6122
2430,8512
2431,9230
2432,2031
2433,5802
2434,7929
2435,8947
2436,1408
2437,6848
2438,0520
2439,4338
2440,8486
2441,8782
2442,1481
2443,7829
2444,8803
2445,6330
2446,1980
2447,7339
2448,4748
2449,8539
2450,0883
2451,3407
2452,5828
2453,4672
2454,0313
2455,1183
2456,9212
2457,0967
2458,7953
2459,4896
2460,4107
2461,7347
2462,9566
2463,9053
2464,6811
2465,9921
2466,6543
2467,3506
2468,9838
2469,3479
2470,1716
2471,1271
2472,9804
2473,5987
2474,4813
2475,9624
2476,5827
2477,3966
2478,4631
2479,1200
2480,1059
2481,3893
2482,3860
2483,6142
2484,7740
2485,2985
2486,5889
2487,0756
2488,4161
2489,5770
2490,1356
2491,1346
2492,2928
2493,0016
2494,3623
2495,1487
2496,3519
2497,7392
2498,8114
2499,2405
2500,0659
2501,7349
2502,8544
2503,3248
2504,9538
2505,0516
2506,7823
2507,6545
2508,3839
2509,4460
2510,7669
2511,0596
2512,0669
2513,9534
2514,1783
2515,9500
2516,2590
2517,2326
2518,0377
2519,1489
2520,3722
2521,1931
2522,3164
2523,7159
2524,4705
2525,8671
2526,6356
2527,6808
2528,0472
2529,8322
2530,7913
2531,0806
2532,3752
2533,4663
2534,0605
2535,6361
2536,4877
2537,8523
2538,6557
2539,2920
2540,5279
2541,5689
2542,2280
2543,9085
2544,9065
2545,7020
2546,8962
2547,6459
2548,4947
2549,3865
2550,6685
2551,9910
2552,0758
2553,4101
2554,2515
2555,5429
2556,3561
2557,8451
2558,8887
2559,6941
2560,4776
2561,3709
2562,3669
2563,2849
2564,4997
2565,4307
2566,0818
2567,9008
2568,8957
2569,9433
2570,9607
2571,6667
2572,8190
2573,2876
2574,9253
2575,4878
2576,9797
2577,9325
2578,1530
2579,2122
2580,3835
2581,9241
2582,9387
2583,5947
2584,3922
2585,6189
2586,4806
2587,5183
2588,3064
2589,8287
2590,6795
2591,5042
2592,5456
2593,2998
2594,7056
2595,9116
2596,5066
2597,7790
2598,8696
2599,4303
2600,6381
2601,8294
2602,3595
2603,1865
2604,6619
2605,1847
2606,1388
2607,7466
2608,5082
2609,6765
2610,3153
2611,3854
2612,8013
2613,8503
2614,4669
2615,9329
2616,3697
2617,4450
2618,5170
2619,8910
2620,6785
2621,2936
2622,1370
2623,0622
2624,1961
2625,1999
2626,7775
2627,0937
2628,2509
2629,5376
2630,7596
2631,6615
2632,4681
2633,0325
2634,5441
2635,8328
2636,8885
2637,0448
2638,0564
2639,7609
2640,0644
2641,6970
2642,6094
2643,9386
2644,4494
2645,1267
2646,5106
2647,8834
2648,9256
2649,2989
2650,0581
2651,2375
2652,3159
2653,2303
2654,3122
2655,0389
2656,4532
2657,2337
2658,2847
2659,7047
2660,8651
2661,9636
2662,7420
2663,5513
2664,5602
2665,8417
2666,0328
2667,7940
2668,8729
2669,8912
2670,2693
2671,8367
2672,5564
2673,9892
2674,6522
2675,5580
2676,2781
2677,6203
2678,0979
2679,2099
2680,4746
2681,3599
2682,9808
2683,2552
2684,6784
2685,9998
2686,0861
2687,4341
2688,8943
2689,0245
2690,1329
2691,6953
2692,3932
2693,4652
2694,3768
2695,2786
2696,3941
2697,4908
2698,4422
2699,6425
2700,6643
2701,1640
2702,6182
2703,9002
2704,0738
2705,9080
2706,8361
2707,0621
2708,3355
2709,4189
2710,0830
2711,1408
2712,1832
2713,9157
2714,0621
2715,7752
2716,7302
2717,2104
2718,4865
2719,4076
2720,3532
2721,8435
2722,0134
2723,0178
2724,0783
2725,0832
2726,4520
2727,2784
2728,1264
2729,9093
2730,3508
2731,7982
2732,2319
2733,9424
2734,9098
2735,3690
2736,3111
2737,8732
2738,9413
2739,4225
2740,4851
2741,3148
2742,0053
2743,4108
2744,3232
2745,0439
2746,9532
2747,4407
2748,4297
2749,1276
2750,3791
2751,7001
2752,1883
2753,0233
2754,5833
2755,8366
2756,6913
2757,0965
2758,1262
2759,0306
2760,5004
2761,7956
2762,1453
2763,8855
2764,9312
2765,4793
2766,1616
2767,3172
2768,3403
2769,8115
2770,5734
2771,3647
2772,0451
2773,6856
2774,3679
2775,8303
2776,5686
2777,2360
2778,0639
2779,9954
2780,7335
2781,3086
2782,9005
2783,9759
2784,0492
2785,4410
2786,8441
2787,9874
2788,4583
2789,4142
2790,8699
2791,2548
2792,2764
2793,8842
2794,8683
2795,5904
2796,7899
2797,9408
2798,1573
2799,3971
2800,6338
2801,2120
2802,6142
2803,5205
2804,1836
2805,4316
2806,6221
2807,5083
2808,6538
2809,3159
2810,7250
2811,6436
2812,2732
2813,2926
2814,0612
2815,7944
2816,0633
2817,1338
2818,1723
2819,3360
2820,4705
2821,2951
2822,7453
2823,2298
2824,6911
2825,9597
2826,0144
2827,6232
2828,7806
2829,7900
2830,1926
2831,8657
2832,6817
2833,9941
2834,2539
2835,4551
2836,2402
2837,9170
2838,4838
2839,6889
2840,0679
2841,5539
2842,0046
2843,3450
2844,4079
2845,2254
2846,5148
2847,5522
2848,6859
2849,7367
2850,4579
2851,2808
2852,4795
2853,1630
2854,6584
2855,2831
2856,2367
2857,8490
2858,6859
2859,5123
2860,5577
2861,5234
2862,5992
2863,9800
2864,6405
2865,9478
2866,3305
2867,1270
2868,4399
2869,8944
2870,8117
2871,3502
2872,2888
2873,5468
2874,4256
2875,5532
2876,8890
2877,1105
2878,9249
2879,6219
2880,2360
2881,8982
2882,3636
2883,6700
2884,9105
2885,9305
2886,8864
2887,9367
2888,3725
2889,8421
2890,1963
2891,6989
2892,2815
2893,3886
2894,8936
2895,2731
2896,2328
2897,8907
2898,3382
2899,0247
2900,9841
2901,1429
2902,0863
2903,1577
2904,5193
2905,1458
2906,9098
2907,7879
2908,5722
2909,5482
2910,9371
2911,3192
2912,3342
2913,1316
2914,0590
2915,5077
2916,7936
2917,6203
2918,1590
2919,5896
2920,4177
2921,4514
2922,3995
2923,7900
2924,3537
2925,2392
2926,0540
2927,6578
2928,4370
2929,7233
2930,9407
2931,9851
2932,7063
2933,6703
2934,3251
2935,8461
2936,6155
2937,4369
2938,2052
2939,9533
2940,0669
2941,8285
2942,0056
2943,4195
2944,8544
2945,2120
2946,8055
2947,9409
2948,0434
2949,3651
2950,5075
2951,2081
2952,5200
2953,1619
2954,5641
2955,1515
2956,7486
2957,2645
2958,2278
2959,4295
2960,2948
2961,5940
2962,3597
2963,8623
2964,0847
2965,1986
2966,3088
2967,4782
2968,3027
2969,4211
2970,7691
2971,7343
2972,6094
2973,7770
2974,9928
2975,5361
2976,4955
2977,0300
2978,6856
2979,1390
2980,5402
2981,2618
2982,1248
2983,4192
2984,5120
2985,4135
2986,7222
2987,6872
2988,9125
2989,7098
2990,6119
2991,7718
2992,6635
2993,0696
2994,9856
2995,7975
2996,9615
2997,4144
2998,0866
2999,1056
3000,7931
3001,0035
3002,8915
3003,5223
3004,6044
3005,4376
3006,1440
3007,7323
3008,0854
3009,5643
3010,8416
3011,0942
3012,6022
3013,2743
3014,0112
3015,8651
3016,1402
3017,3713
3018,4575
3019,8265
3020,0999
3021,2361
3022,0652
3023,8779
3024,3874
3025,9902
3026,3414
3027,5716
3028,3132
3029,5485
3030,9165
3031,3380
3032,9941
3033,0632
3034,2044
3035,9238
3036,7316
3037,7389
3038,1111
3039,7816
3040,3043
3041,5138
3042,2632
3043,7098
3044,7719
3045,6841
3046,2109
3047,5777
3048,8941
3049,3718
3050,7532
3051,8555
3052,6133
3053,8077
3054,8751
3055,7371
3056,4123
3057,9171
3058,6824
3059,6530
3060,3044
3061,8064
3062,3324
3063,8533
3064,4769
3065,3986
3066,7218
3067,4518
3068,6406
3069,7189
3070,3768
3071,9903
3072,3990
3073,1350
3074,8301
3075,7424
3076,2848
3077,4380
3078,7680
3079,2663
3080,5616
3081,2072
3082,3778
3083,5558
3084,2391
3085,3332
3086,8975
3087,2413
3088,1055
3089,7546
3090,2643
3091,2908
3092,7620
3093,5284
3094,4068
3095,0605
3096,0364
3097,6900
3098,6280
3099,4945
3100,1620
3101,5491
3102,9607
3103,4199
3104,0720
3105,0801
3106,4012
3107,0912
3108,1768
3109,1567
3110,2991
3111,7725
3112,9345
3113,8446
3114,8653
3115,6353
3116,4392
3117,8032
3118,7289
3119,3107
3120,7497
3121,4970
3122,0580
3123,3311
3124,8029
3125,9937
3126,6533
3127,7713
3128,8964
3129,9497
3130,2708
3131,5193
3132,6408
3133,0085
3134,0496
3135,6853
3136,6925
3137,8709
3138,2169
3139,6935
3140,2732
3141,3067
3142,6096
3143,5040
3144,6641
3145,7981
3146,4068
3147,8662
3148,7513
3149,1117
3150,7230
3151,1182
3152,1173
3153,8515
3154,3332
3155,3180
3156,7879
3157,6224
3158,6420
3159,2510
3160,9422
3161,3221
3162,3270
3163,6491
3164,8965
3165,8651
3166,7815
3167,4874
3168,7675
3169,1177
3170,9437
3171,0945
3172,9904
3173,3388
3174,8275
3175,8499
3176,5889
3177,8479
3178,8516
3179,7823
3180,5637
3181,2330
3182,5425
3183,5489
3184,1556
3185,8710
3186,0571
3187,8785
3188,1661
3189,2695
3190,8103
3191,0319
3192,6995
3193,5394
3194,7314
3195,2817
3196,1586
3197,3397
3198,9286
3199,8899
3200,2439
3201,8673
3202,8381
3203,0527
3204,1207
3205,8039
3206,4834
3207,4076
3208,3754
3209,0198
3210,6041
3211,0796
3212,5809
3213,0181
3214,2189
3215,3494
3216,0793
3217,0089
3218,8430
3219,9611
3220,1809
3221,3792
3222,0731
3223,3861
3224,9858
3225,4442
3226,4586
3227,2257
3228,5904
3229,9592
3230,1269
3231,8697
3232,6281
3233,2141
3234,7217
3235,6848
3236,8316
3237,1873
3238,0721
3239,6926
3240,2312
3241,2392
3242,2613
3243,7935
3244,7276
3245,4292
3246,4934
3247,2554
3248,7880
3249,5433
3250,8032
3251,9951
3252,0012
3253,0740
3254,7704
3255,8172
3256,3126
3257,3792
3258,2505
3259,6196
3260,4347
3261,6447
3262,9298
3263,3974
3264,8475
3265,0704
3266,1434
3267,6098
3268,7188
3269,7040
3270,8191
3271,3653
3272,1746
3273,6377
3274,5394
3275,4371
3276,7470
3277,1716
3278,4134
3279,6545
3280,6156
3281,4050
3282,2258
3283,2610
3284,0167
3285,7409
3286,1777
3287,4868
3288,1196
3289,2771
3290,5755
3291,7219
3292,8179
3293,6386
3294,3886
3295,2408
3296,9617
3297,5743
3298,5923
3299,4522
3300,1909
3301,1647
3302,6911
3303,3792
3304,3862
3305,8611
3306,2127
3307,0872
3308,5310
3309,1513
3310,1424
3311,1241
3312,3510
3313,4355
3314,3807
3315,4156
3316,9779
3317,2019
3318,9131
3319,0971
3320,2814
3321,1369
3322,8964
3323,4988
3324,1357
3325,0223
3326,5470
3327,5112
3328,7057
3329,5240
3330,2863
3331,4916
3332,8604
3333,2628
3334,9569
3335,0758
3336,4369
3337,0981
3338,6705
3339,3089
3340,0948
3341,6521
3342,9940
3343,1220
3344,0634
3345,1182
3346,8152
3347,0011
3348,3057
3349,2879
3350,6017
3351,8596
3352,1234
3353,3019
3354,8585
3355,8947
3356,4310
3357,7372
3358,8608
3359,4545
3360,6200
3361,2044
3362,6767
3363,5753
3364,8491
3365,9338
3366,3733
3367,9266
3368,3845
3369,7085
3370,0750
3371,3046
3372,5499
3373,1564
3374,0424
3375,0025
3376,6285
3377,1469
3378,4978
3379,9410
3380,9421
3381,4877
3382,3660
3383,7107
3384,1134
3385,9414
3386,0050
3387,9565
3388,8830
3389,7486
3390,5440
3391,9456
3392,6238
3393,7204
3394,3109
3395,3987
3396,6374
3397,4695
3398,9505
3399,8101
3400,9082
3401,9768
3402,2179
3403,8106
3404,7532
3405,2996
3406,2557
3407,5203
3408,0598
3409,5744
3410,7474
3411,8008
3412,6348
3413,2454
3414,1590
3415,3927
3416,1709
3417,5393
3418,9570
3419,9909
3420,8441
3421,1506
3422,4120
3423,4440
3424,1892
3425,8311
3426,7534
3427,7921
3428,4058
3429,7571
3430,2905
3431,3394
3432,9818
3433,2813
3434,9794
3435,4889
3436,7222
3437,9738
3438,5573
3439,9179
3440,3707
3441,0234
3442,8344
3443,9572
3444,4337
3445,8665
3446,0189
3447,6354
3448,9226
3449,4040
3450,4698
3451,0984
3452,8742
3453,5965
3454,9560
3455,4989
3456,0577
3457,1093
3458,8440
3459,5765
3460,7954
3461,6969
3462,9427
3463,2305
3464,1477
3465,2947
3466,8887
3467,5755
3468,5368
3469,0386
3470,3029
3471,4835
3472,2268
3473,2970
3474,4161
3475,8382
3476,8560
3477,6216
3478,4338
3479,9522
3480,3712
3481,4571
3482,5796
3483,7159
3484,8493
3485,3110
3486,9133
3487,0711
3488,6265
3489,5903
3490,8554
3491,1546
3492,5994
3493,6599
3494,9002
3495,1841
3496,9454
3497,7646
3498,0820
3499,5474
3500,9360
3501,4167
3502,7995
3503,9034
3504,5879
3505,5395
3506,5194
3507,8660
3508,7922
3509,8477
3510,1467
3511,2868
3512,4900
3513,4767
3514,2859
3515,6004
3516,9170
3517,4762
3518,9607
3519,8897
3520,2952
3521,7067
3522,1171
3523,5549
3524,5952
3525,3608
3526,7356
3527,9395
3528,3778
3529,9582
3530,1982
3531,9632
3532,0273
3533,1332
3534,9073
3535,7531
3536,3273
3537,2052
3538,3148
3539,3464
3540,3405
3541,8512
3542,2531
3543,0783
3544,7773
3545,1595
3546,8791
3547,9383
3548,3980
3549,7064
3550,5638
3551,3847
3552,3019
3553,0624
3554,9444
3555,6262
3556,3911
3557,9159
3558,6708
3559,3397
3560,9375
3561,6964
3562,3092
3563,3402
3564,5888
3565,6258
3566,2340
3567,2376
3568,0673
3569,2821
3570,5777
3571,7329
3572,5647
3573,3178
3574,9585
3575,3433
3576,9333
3577,8222
3578,7303
3579,4295
3580,5893
3581,2887
3582,4424
3583,4379
3584,8471
3585,4465
3586,3417
3587,2105
3588,2935
3589,4327
3590,1105
3591,1564
3592,3575
3593,0241
3594,0181
3595,9740
3596,5985
3597,3191
3598,5997
3599,9493
3600,4896
3601,6938
3602,5022
3603,3315
3604,8104
3605,5359
3606,3002
3607,6717
3608,1460
3609,2390
3610,4868
3611,6775
3612,0799
3613,6253
3614,5970
3615,2600
3616,7793
3617,1056
3618,3416
3619,1114
3620,7895
3621,0095
3622,4237
3623,4569
3624,6554
3625,3307
3626,7372
3627,8503
3628,6836
3629,1295
3630,9604
3631,6985
3632,1667
3633,7209
3634,9991
3635,8226
3636,7760
3637,7173
3638,1364
3639,1676
3640,9957
3641,7251
3642,6418
3643,9892
3644,0544
3645,5587
3646,4637
3647,2565
3648,8479
3649,3016
3650,4697
3651,2403
3652,9706
3653,2033
3654,1426
3655,3997
3656,7547
3657,3996
3658,8096
3659,0784
3660,1929
3661,4730
3662,0934
3663,6550
3664,2940
3665,3141
3666,5412
3667,8387
3668,8655
3669,1550
3670,4791
3671,2588
3672,4156
3673,2101
3674,0951
3675,2342
3676,1886
3677,9916
3678,3529
3679,8697
3680,1780
3681,9012
3682,1296
3683,3728
3684,1674
3685,4076
3686,0681
3687,0612
3688,6284
3689,2695
3690,5970
3691,7708
3692,5536
3693,6124
3694,2983
3695,0230
3696,0245
3697,7941
3698,6333
3699,8299
3700,0540
3701,2009
3702,7788
3703,1219
3704,6233
3705,3274
3706,0742
3707,5395
3708,0752
3709,6731
3710,6879
3711,3391
3712,3070
3713,3255
3714,1362
3715,1091
3716,5772
3717,2404
3718,3579
3719,8766
3720,1454
3721,7518
3722,6012
3723,0189
3724,4118
3725,7219
3726,0895
3727,7604
3728,0028
3729,6182
3730,4230
3731,4341
3732,2642
3733,6332
3734,7739
3735,1823
3736,1385
3737,7471
3738,2204
3739,3840
3740,9865
3741,6581
3742,1711
3743,2698
3744,8025
3745,7352
3746,4114
3747,8632
3748,8075
3749,2930
3750,9172
3751,2569
3752,3453
3753,7771
3754,8511
3755,9382
3756,0461
3757,9354
3758,0590
3759,3599
3760,2140
3761,4612
3762,9001
3763,6282
3764,5781
3765,8362
3766,1811
3767,2052
3768,2830
3769,1166
3770,7523
3771,8549
3772,0206
3773,7161
3774,2265
3775,8330
3776,7448
3777,1047
3778,2455
3779,4508
3780,0870
3781,9758
3782,4333
3783,6547
3784,1034
3785,2986
3786,3731
3787,9500
3788,5291
3789,3059
3790,4111
3791,4162
3792,3671
3793,8856
3794,5729
3795,0389
3796,9512
3797,3940
3798,3659
3799,8000
3800,8887
3801,5251
3802,6960
3803,1165
3804,7689
3805,2764
3806,8066
3807,6892
3808,4472
3809,6191
3810,0005
3811,3750
3812,4051
3813,7285
3814,2963
3815,9894
3816,1218
3817,1895
3818,5111
3819,0118
3820,4800
3821,0687
3822,9531
3823,1856
3824,9372
3825,8749
3826,3045
3827,3380
3828,2395
3829,3624
3830,5427
3831,1856
3832,3147
3833,7516
3834,5946
3835,6662
3836,8631
3837,4305
3838,2118
3839,3373
3840,2705
3841,6485
3842,4001
3843,1697
3844,7836
3845,5877
3846,7811
3847,8484
3848,0342
3849,2491
3850,8191
3851,6831
3852,5824
3853,1875
3854,6980
3855,7734
3856,0521
3857,9592
3858,8401
3859,4556
3860,7260
3861,7218
3862,9507
3863,5747
3864,2218
3865,1247
3866,7440
3867,5148
3868,2454
3869,9681
3870,2554
3871,1358
3872,9910
3873,7815
3874,0318
3875,8590
3876,0538
3877,7594
3878,5221
3879,9967
3880,3870
3881,4471
3882,4449
3883,9740
3884,5164
3885,1542
3886,9317
3887,9361
3888,5946
3889,0594
3890,4491
3891,5433
3892,7401
3893,2217
3894,9374
3895,8486
3896,7436
3897,6269
3898,3753
3899,8041
3900,3161
3901,2574
3902,5574
3903,8616
3904,7601
3905,1691
3906,9444
3907,5173
3908,5578
3909,0069
3910,3792
3911,7660
3912,8842
3913,1836
3914,0869
3915,7130
3916,7936
3917,8636
3918,0313
3919,6041
3920,4039
3921,3892
3922,7321
3923,5987
3924,7438
3925,5517
3926,8605
3927,9219
3928,3509
3929,4786
3930,6933
3931,3818
3932,2068
3933,7515
3934,7306
3935,3811
3936,4293
3937,7684
3938,6859
3939,7078
3940,6192
3941,0593
3942,2182
3943,4991
3944,5109
3945,6919
3946,0354
3947,6579
3948,1455
3949,1251
3950,8425
3951,0529
3952,6205
3953,3723
3954,0103
3955,3729
3956,2602
3957,5595
3958,5668
3959,8360
3960,0307
3961,9897
3962,0296
3963,0581
3964,2330
3965,7748
3966,8547
3967,6122
3968,7327
3969,3161
3970,4886
3971,2026
3972,5146
3973,3045
3974,9322
3975,1748
3976,0101
3977,8102
3978,7409
3979,0113
3980,0402
3981,8793
3982,6950
3983,6983
3984,5166
3985,7549
3986,4729
3987,9962
3988,4264
3989,1482
3990,9948
3991,7188
3992,4891
3993,7615
3994,2604
3995,5163
3996,3549
3997,5051
3998,0134
3999,1018
4000,0793
4001,3915
4002,4784
4003,1542
4004,7383
4005,9209
4006,4344
4007,9124
4008,0621
4009,7893
4010,7457
4011,4851
4012,9739
4013,6584
4014,3722
4015,8598
4016,7780
4017,6326
4018,1784
4019,0286
4020,8704
4021,3087
4022,1976
4023,7807
4024,7728
4025,0006
4026,4498
4027,7381
4028,6799
4029,8954
4030,9450
4031,6392
4032,7842
4033,2884
4034,3342
4035,9614
4036,8186
4037,1171
4038,5533
4039,4368
4040,9840
4041,1896
4042,1713
4043,5686
4044,3305
4045,4621
4046,4596
4047,6120
4048,3281
4049,8424
4050,8684
4051,0782
4052,4931
4053,3058
4054,9946
4055,4337
4056,2069
4057,5113
4058,1284
4059,5810
4060,2142
4061,1918
4062,1841
4063,0909
4064,7802
4065,3496
4066,9353
4067,7176
4068,3404
4069,2807
4070,1666
4071,7941
4072,9935
4073,7281
4074,7028
4075,4228
4076,1470
4077,8312
4078,2805
4079,6736
4080,5142
4081,5096
4082,9048
4083,7739
4084,7112
4085,2827
4086,2457
4087,6405
4088,5180
4089,3516
4090,9524
4091,1096
4092,2654
4093,0519
4094,2166
4095,3539
4096,8573
4097,1191
4098,9846
4099,2370
4100,7078
4101,9154
4102,3533
4103,6459
4104,2469
4105,7203
4106,2371
4107,9007
4108,0175
4109,8876
4110,0542
4111,6776
4112,1770
4113,6223
4114,5046
4115,9387
4116,9840
4117,6008
4118,2196
4119,5708
4120,6739
4121,8620
4122,6990
4123,2584
4124,6779
4125,8099
4126,9314
4127,4788
4128,2864
4129,0563
4130,1884
4131,3795
4132,6220
4133,1166
4134,8474
4135,2794
4136,6637
4137,3953
4138,0009
4139,6758
4140,3215
4141,8615
4142,8657
4143,3349
4144,3993
4145,2222
4146,9778
4147,9904
4148,5864
4149,6950
4150,6231
4151,7901
4152,6910
4153,6569
4154,6530
4155,8492
4156,6637
4157,6359
4158,2141
4159,7809
4160,3096
4161,8779
4162,6770
4163,7145
4164,7819
4165,0335
4166,7433
4167,6898
4168,4023
4169,9177
4170,6426
4171,1990
4172,8256
4173,2870
4174,7993
4175,4914
4176,3104
4177,3058
4178,8390
4179,7965
4180,6100
4181,1568
4182,1690
4183,9461
4184,1564
4185,5453
4186,5702
4187,6834
4188,5341
4189,4105
4190,7124
4191,0963
4192,6765
4193,2699
4194,8145
4195,2384
4196,0555
4197,2922
4198,5235
4199,8063
4200,7469
4201,4468
4202,9960
4203,9792
4204,9089
4205,0075
4206,3472
4207,0553
4208,0029
4209,5872
4210,8771
4211,6383
4212,9878
4213,2956
4214,9259
4215,9386
4216,5920
4217,1318
4218,7426
4219,6677
4220,3364
4221,8399
4222,8377
4223,7859
4224,5037
4225,1757
4226,5733
4227,3930
4228,4554
4229,6425
4230,5109
4231,6255
4232,3545
4233,6284
4234,7166
4235,8225
4236,5540
4237,0597
4238,6231
4239,5187
4240,6013
4241,3318
4242,0661
4243,4099
4244,5442
4245,4056
4246,4355
4247,4109
4248,5660
4249,1815
4250,3847
4251,4065
4252,7865
4253,2298
4254,9074
4255,3209
4256,0989
4257,9437
4258,1550
4259,4750
4260,2603
4261,9030
4262,8880
4263,1731
4264,3433
4265,9043
4266,0416
4267,7706
4268,8741
4269,4121
4270,3748
4271,7522
4272,1702
4273,9395
4274,2819
4275,8000
4276,2953
4277,3449
4278,6743
4279,3919
4280,8620
4281,5231
4282,9631
4283,0887
4284,9603
4285,3619
4286,1417
4287,1018
4288,6170
4289,1063
4290,2118
4291,1809
4292,1370
4293,2727
4294,1263
4295,7899
4296,7409
4297,8937
4298,4078
4299,5866
4300,2901
4301,5306
4302,7376
4303,5132
4304,4690
4305,6790
4306,4468
4307,8354
4308,5496
4309,6778
4310,5456
4311,3619
4312,5865
4313,6186
4314,5621
4315,2227
4316,2956
4317,1944
4318,8955
4319,4150
4320,8252
4321,8339
4322,2489
4323,1492
4324,5696
4325,7323
4326,5526
4327,4893
4328,0599
4329,9021
4330,0908
4331,1499
4332,8845
4333,2339
4334,9359
4335,3120
4336,3276
4337,8813
4338,8365
4339,8458
4340,8329
4341,5738
4342,3157
4343,7027
4344,8368
4345,2332
4346,8831
4347,1576
4348,9766
4349,3730
4350,9933
4351,2600
4352,5028
4353,4944
4354,1975
4355,6429
4356,0736
4357,7486
4358,3876
4359,5252
4360,0448
4361,7742
4362,8126
4363,2293
4364,7711
4365,0570
4366,6375
4367,8188
4368,5148
4369,7777
4370,6861
4371,0551
4372,6585
4373,3823
4374,4131
4375,8622
4376,4735
4377,3744
4378,3642
4379,8525
4380,7701
4381,1701
4382,7930
4383,8459
4384,5781
4385,1084
4386,2994
4387,3141
4388,7439
4389,3778
4390,4217
4391,8034
4392,2335
4393,6051
4394,1548
4395,5906
4396,3942
4397,9013
4398,4392
4399,1308
4400,4418
4401,8132
4402,7482
4403,0483
4404,0154
4405,7546
4406,6117
4407,0869
4408,1775
4409,8403
4410,8113
4411,9104
4412,3747
4413,7398
4414,1376
4415,3940
4416,9082
4417,7299
4418,1297
4419,3659
4420,3629
4421,2688
4422,2401
4423,7530
4424,1949
4425,0411
4426,6150
4427,8976
4428,5942
4429,9044
4430,4406
4431,7028
4432,3567
4433,7935
4434,0643
4435,0846
4436,7253
4437,8984
4438,8080
4439,7318
4440,3014
4441,8872
4442,7982
4443,5179
4444,8392
4445,4315
4446,8082
4447,2948
4448,4744
4449,7409
4450,3068
4451,5556
4452,4473
4453,4380
4454,4800
4455,9750
4456,4277
4457,2024
4458,5956
4459,2913
4460,9083
4461,5813
4462,9995
4463,2008
4464,9401
4465,8391
4466,0668
4467,7869
4468,4605
4469,8208
4470,0311
4471,1065
4472,3838
4473,5863
4474,1776
4475,4097
4476,9484
4477,1904
4478,8699
4479,9929
4480,7736
4481,1355
4482,0025
4483,0388
4484,6869
4485,9228
4486,6732
4487,7656
4488,3952
4489,6572
4490,3537
4491,2861
4492,8220
4493,7281
4494,9024
4495,9109
4496,8014
4497,7170
4498,6765
4499,4564
4500,1362
4501,1613
4502,7015
4503,8597
4504,2964
4505,9427
4506,4439
4507,1019
4508,8786
4509,8019
4510,1098
4511,0237
4512,6838
4513,9384
4514,1404
4515,3741
4516,0995
4517,2277
4518,3081
4519,4820
4520,5930
4521,5030
4522,5550
4523,0494
4524,8953
4525,7543
4526,2073
4527,5404
4528,5831
4529,5314
4530,2645
4531,6433
4532,3294
4533,0371
4534,9771
4535,3756
4536,1097
4537,0328
4538,3094
4539,8469
4540,9817
4541,5769
4542,0990
4543,1415
4544,3695
4545,2150
4546,8573
4547,3057
4548,3669
4549,0261
4550,0750
4551,4802
4552,9583
4553,7633
4554,4761
4555,6612
4556,6007
4557,4796
4558,6121
4559,0420
4560,8322
4561,3080
4562,6058
4563,1018
4564,4753
4565,0905
4566,7703
4567,7546
4568,3598
4569,4599
4570,4823
4571,5575
4572,1241
4573,3799
4574,0960
4575,3230
4576,4034
4577,0818
4578,9459
4579,4863
4580,9032
4581,7097
4582,6940
4583,2054
4584,2508
4585,9178
4586,1300
4587,1912
4588,6652
4589,6646
4590,6109
4591,3402
4592,3293
4593,4787
4594,1702
4595,8785
4596,1320
4597,5571
4598,7837
4599,7985
4600,7499
4601,3877
4602,7328
4603,4088
4604,5256
4605,4671
4606,5812
4607,2882
4608,1347
4609,9139
4610,1340
4611,7925
4612,0474
4613,6505
4614,8319
4615,4756
4616,1515
4617,3806
4618,3748
4619,5750
4620,9808
4621,0681
4622,2898
4623,7959
4624,0289
4625,4378
4626,8194
4627,8576
4628,1709
4629,4995
4630,5793
4631,3491
4632,2581
4633,0924
4634,5971
4635,9800
4636,8667
4637,2519
4638,9742
4639,5951
4640,7223
4641,8661
4642,0062
4643,5520
4644,2966
4645,5881
4646,1307
4647,1315
4648,2159
4649,3787
4650,8402
4651,6154
4652,5474
4653,4087
4654,1919
4655,6347
4656,5696
4657,0202
4658,1755
4659,6841
4660,5458
4661,2851
4662,5134
4663,3906
4664,9129
4665,6423
4666,8653
4667,7568
4668,6181
4669,0209
4670,9017
4671,2238
4672,5853
4673,6541
4674,6806
4675,9483
4676,5351
4677,9295
4678,9179
4679,4874
4680,3847
4681,3192
4682,6669
4683,2318
4684,4523
4685,6003
4686,0823
4687,0795
4688,9963
4689,8627
4690,6554
4691,8239
4692,8766
4693,1171
4694,8647
4695,0973
4696,2450
4697,0551
4698,6995
4699,3997
4700,6180
4701,4348
4702,0101
4703,5169
4704,0096
4705,3233
4706,3600
4707,4714
4708,4993
4709,2966
4710,8855
4711,1534
4712,8462
4713,6297
4714,7979
4715,1605
4716,9114
4717,6730
4718,6985
4719,2429
4720,8620
4721,5547
4722,1876
4723,5851
4724,7394
4725,7877
4726,6631
4727,9045
4728,5636
4729,7984
4730,6380
4731,4540
4732,3219
4733,7511
4734,5200
4735,1743
4736,7385
4737,6729
4738,3543
4739,3702
4740,2738
4741,5194
4742,0053
4743,7614
4744,0137
4745,7259
4746,4538
4747,2023
4748,7436
4749,0490
4750,0531
4751,1936
4752,2682
4753,3613
4754,5012
4755,2100
4756,3162
4757,9810
4758,1431
4759,5224
4760,0671
4761,3236
4762,6538
4763,3357
4764,2135
4765,2524
4766,9159
4767,5859
4768,7920
4769,2699
4770,8061
4771,6856
4772,6708
4773,6863
4774,7187
4775,4615
4776,6897
4777,6135
4778,5359
4779,3309
4780,6341
4781,6701
4782,9542
4783,4924
4784,3880
4785,1343
4786,3185
4787,2533
4788,7893
4789,8560
4790,2114
4791,6351
4792,4700
4793,9033
4794,5808
4795,5360
4796,5863
4797,8642
4798,9840
4799,3598
4800,9182
4801,7288
4802,9698
4803,6229
4804,0740
4805,6287
4806,9035
4807,1556
4808,2348
4809,4974
4810,4991
4811,0382
4812,3627
4813,8528
4814,1920
4815,8835
4816,6907
4817,0991
4818,8318
4819,8333
4820,9436
4821,0587
4822,8894
4823,6933
4824,4543
4825,9664
4826,7789
4827,5319
4828,6489
4829,5346
4830,9751
4831,1523
4832,5820
4833,7751
4834,6605
4835,5564
4836,3506
4837,6110
4838,3027
4839,3146
4840,0341
4841,6443
4842,0517
4843,8334
4844,9016
4845,4945
4846,4148
4847,7163
4848,8905
4849,2859
4850,2666
4851,2864
4852,2675
4853,9600
4854,9246
4855,1509
4856,6647
4857,3275
4858,1540
4859,5550
4860,4687
4861,8987
4862,2979
4863,0757
4864,5510
4865,7336
4866,0626
4867,5061
4868,1107
4869,6976
4870,3501
4871,8083
4872,7475
4873,3159
4874,1028
4875,5193
4876,5563
4877,6566
4878,0015
4879,5637
4880,5593
4881,4378
4882,0662
4883,2752
4884,9923
4885,4445
4886,6562
4887,8823
4888,5424
4889,9304
4890,3794
4891,4950
4892,3940
4893,2896
4894,4115
4895,6359
4896,8549
4897,6818
4898,2560
4899,9991
4900,8323
4901,0593
4902,2166
4903,9161
4904,1125
4905,0035
4906,4198
4907,0796
4908,9631
4909,9814
4910,6951
4911,5135
4912,6884
4913,5507
4914,4336
4915,5108
4916,8670
4917,7807
4918,8659
4919,6485
4920,6515
4921,1143
4922,8202
4923,5468
4924,3636
4925,0612
4926,5297
4927,8310
4928,0621
4929,9095
4930,4696
4931,2307
4932,1641
4933,3031
4934,0411
4935,8009
4936,2374
4937,5382
4938,5935
4939,3076
4940,6657
4941,7993
4942,5121
4943,7711
4944,4113
4945,1762
4946,2309
4947,4698
4948,9473
4949,2079
4950,2154
4951,0185
4952,7693
4953,7835
4954,6807
4955,6830
4956,6894
4957,8943
4958,7278
4959,5452
4960,3155
4961,2336
4962,0555
4963,1963
4964,6817
4965,8652
4966,7908
4967,0774
4968,4061
4969,8827
4970,3127
4971,2850
4972,9125
4973,7015
4974,2120
4975,7706
4976,1776
4977,2323
4978,8989
4979,1265
4980,8946
4981,0278
4982,7212
4983,2355
4984,6376
4985,6563
4986,7870
4987,7395
4988,4838
4989,5136
4990,4411
4991,4651
4992,4820
4993,6673
4994,5950
4995,3646
4996,7005
4997,5464
4998,7319
4999,0659
5000,2814
5001,0181
5002,2906
5003,6006
5004,9054
5005,8823
5006,8008
5007,8677
5008,6159
5009,8088
5010,4045
5011,9052
5012,6804
5013,8691
5014,1824
5015,0887
5016,1849
5017,5457
5018,0973
5019,3331
5020,6709
5021,3268
5022,7598
5023,7964
5024,6401
5025,2536
5026,0222
5027,2742
5028,6371
5029,7978
5030,8342
5031,3009
5032,8879
5033,5834
5034,7104
5035,2475
5036,6768
5037,5804
5038,4399
5039,4157
5040,2909
5041,2068
5042,2290
5043,5444
5044,6009
5045,3709
5046,8931
5047,7759
5048,8407
5049,5175
5050,9404
5051,2901
5052,6456
5053,3743
5054,8590
5055,9611
5056,4959
5057,3501
5058,8309
5059,8038
5060,2945
5061,4460
5062,3789
5063,5479
5064,8323
5065,7127
5066,6135
5067,6525
5068,5785
5069,2621
5070,3299
5071,5384
5072,1350
5073,5853
5074,8564
5075,5146
5076,9225
5077,5575
5078,6828
5079,1631
5080,3724
5081,2822
5082,3002
5083,5231
5084,5939
5085,9061
5086,3611
5087,5275
5088,9075
5089,8011
5090,9921
5091,9670
5092,0294
5093,1979
5094,7632
5095,2125
5096,2789
5097,3142
5098,3345
5099,7632
5100,2835
5101,4361
5102,1980
5103,9845
5104,3274
5105,8661
5106,5196
5107,2811
5108,6537
5109,1996
5110,4304
5111,7771
5112,4259
5113,4072
5114,0359
5115,1906
5116,8370
5117,0952
5118,9572
5119,4397
5120,5406
5121,2133
5122,2515
5123,5717
5124,5667
5125,7315
5126,2002
5127,1610
5128,4047
5129,5292
5130,7525
5131,1625
5132,3718
5133,2392
5134,5728
5135,4945
5136,6998
5137,2702
5138,0905
5139,8719
5140,4172
5141,1871
5142,1785
5143,4386
5144,1083
5145,4001
5146,8811
5147,9229
5148,1200
5149,9688
5150,8391
5151,4889
5152,4289
5153,7670
5154,0431
5155,7267
5156,8597
5157,7206
5158,3048
5159,1392
5160,6352
5161,6924
5162,9916
5163,7682
5164,9204
5165,2636
5166,0331
5167,6703
5168,0423
5169,5637
5170,1275
5171,8547
5172,7802
5173,6251
5174,0010
5175,2780
5176,9141
5177,4143
5178,4388
5179,9254
5180,5090
5181,1177
5182,7254
5183,1312
5184,3037
5185,7912
5186,3602
5187,8447
5188,3690
5189,0146
5190,9555
5191,3481
5192,4571
5193,8113
5194,0777
5195,1448
5196,3201
5197,5879
5198,5318
5199,9674
5200,4322
5201,4333
5202,4743
5203,0602
5204,2880
5205,3658
5206,6616
5207,5749
5208,4825
5209,1790
5210,7116
5211,7286
5212,8349
5213,7193
5214,2571
5215,1032
5216,4945
5217,3799
5218,3742
5219,2504
5220,6545
5221,8506
5222,5572
5223,0502
5224,7795
5225,7211
5226,7782
5227,2134
5228,5215
5229,2791
5230,3442
5231,2447
5232,7846
5233,2945
5234,1575
5235,1055
5236,6385
5237,5223
5238,2188
5239,8637
5240,9036
5241,8199
5242,6196
5243,0387
5244,4305
5245,8440
5246,8604
5247,9259
5248,6550
5249,9223
5250,6479
5251,7206
5252,9083
5253,1616
5254,2200
5255,9854
5256,7521
5257,2076
5258,1528
5259,8216
5260,7567
5261,4765
5262,4765
5263,0411
5264,5420
5265,5043
5266,3356
5267,3708
5268,8518
5269,3542
5270,1155
5271,1015
5272,1834
5273,1067
5274,8847
5275,9086
5276,0362
5277,9996
5278,7778
5279,0987
5280,5543
5281,5543
5282,5543
5283,8165
5284,0072
5285,0119
5286,5939
5287,0093
5288,0093
5289,0093
5290,0093
5291,3103
5292,8447
5293,8362
5294,7215
5295,7173
5296,8530
5297,2119
5298,3036
5299,8719
5300,8593
5301,5272
5302,1546
5303,0135
5304,6748
5305,6693
5306,5513
5307,9909
5308,4955
5309,4955
5310,6824
5311,9645
5312,1400
5313,8196
5314,2639
5315,6543
5316,2080
5317,6945
5318,7088
5319,8557
5320,4556
5321,3710
5322,7622
5323,7622
5324,2842
5325,9864
5326,9168
5327,7186
5328,0018
5329,8482
5330,0408
5331,6065
5332,6084
5333,8496
5334,1505
5335,1333
5336,6395
5337,6395
5338,4732
5339,2682
5340,9980
5341,0702
5342,6143
5343,4198
5344,5049
5345,9954
5346,9896
5347,1450
5348,9545
5349,0990
5350,6490
5351,2668
5352,5172
5353,4349
5354,2309
5355,4531
5356,0480
5357,7411
5358,9231
5359,6087
5360,6448
5361,3954
5362,6887
5363,0966
5364,4770
5365,9167
5366,2108
5367,0762
5368,1768
5369,9550
5370,3711
5371,6476
5372,2840
5373,2808
5374,5857
5375,1913
5376,9958
5377,9209
5378,0978
5379,4752
5380,8713
5381,8836
5382,0335
5383,8687
5384,9217
5385,2207
5386,1775
5387,0425
5388,0773
5389,9447
5390,5706
5391,3983
5392,4477
5393,4097
5394,7214
5395,5351
5396,3012
5397,6240
5398,2973
5399,5141
5400,2598
5401,4906
5402,9561
5403,4717
5404,4489
5405,8864
5406,7838
5407,7034
5408,1092
5409,7573
5410,2175
5411,4803
5412,4017
5413,2861
5414,7072
5415,5078
5416,9836
5417,0426
5418,2402
5419,2929
5420,1429
5421,8886
5422,4893
5423,7278
5424,8472
5425,3775
5426,0029
5427,0828
5428,1149
5429,0491
5430,3417
5431,4430
5432,2116
5433,9011
5434,7471
5435,6845
5436,6845
5437,2369
5438,4996
5439,3752
5440,5859
5441,5859
5442,5859
5443,7709
5444,4767
5445,1447
5446,2739
5447,7732
5448,8473
5449,3036
5450,0517
5451,8183
5452,3061
5453,8609
5454,3730
5455,0881
5456,8475
5457,9617
5458,0722
5459,8256
5460,1944
5461,8970
5462,6754
5463,8139
5464,7206
5465,6079
5466,4370
5467,9421
5468,1341
5469,9147
5470,0386
5471,9856
5472,7437
5473,6269
5474,0633
5475,0758
5476,4346
5477,2671
5478,0063
5479,1321
